{
    "rmse": 0.6878662318230774,
    "mae": 0.528725866059844,
    "r2": 0.31943300046569323
}